Training RMSE,Training MSE,Test RMSE,Tesr MSE,Number of Inputs Node,Number of Hidden Node,Number of Epochs
0.48059065428786574,0.2309673769888389,0.4646112333304441,0.21586359813683634,6,4,25,
0.4924559689056517,0.2425128813108042,0.5098798185664317,0.25997742938133733,6,4,50,
0.5042343185400003,0.2542522479934985,NaN,NaN,6,4,75,
0.5119527302510066,0.26209559801145993,NaN,NaN,6,4,100,
0.516013806124748,0.266270248111349,NaN,NaN,6,4,125,
0.5180867673056657,0.26841389845723507,NaN,NaN,6,4,150,
0.5192545089136836,0.2696252450271907,NaN,NaN,6,4,175,
0.5200197825948909,0.27042057429003763,NaN,NaN,6,4,200,
