Training RMSE,Training MSE,Test RMSE,Test MSE,Number of Inputs Node,Number of Hidden Node,Number of Epochs,Norm Test RMSE,Norm Test MSE
0.3964197575809674,0.15714862420055298,0.4778680729982145,0.22835789519102684,4,3,0,52.82165011636389,2790.1267210155656,
0.39681774868483716,0.15746432567130259,0.47844141223511766,0.2289061849415338,4,3,500,52.85499805864529,2793.650819779398,
0.3969549475435895,0.1575732303793339,0.4785929434031622,0.22905120547530244,4,3,1000,52.870048296218656,2795.242006844493,
