Training RMSE,Training MSE,Test RMSE,Test MSE,Number of Inputs Node,Number of Hidden Node,Number of Epochs,Norm Test RMSE,Norm Test MSE
0.4518974039773415,0.2042112637214606,0.48468683856587713,0.2349213314789846,6,3,0,54.45489454711094,2965.3355401369727,
0.45367465640257276,0.20582069386199248,0.4853416015043273,0.23555647015078524,6,3,1,54.556197821120506,2976.378720697234,
